{
  "mean radius": {
    "mean": 14.127291739894552,
    "std": 3.5240488262120775,
    "min": 6.981,
    "max": 28.11,
    "q25": 11.7,
    "q75": 15.78
  },
  "mean texture": {
    "mean": 19.289648506151142,
    "std": 4.301035768166949,
    "min": 9.71,
    "max": 39.28,
    "q25": 16.17,
    "q75": 21.8
  },
  "mean perimeter": {
    "mean": 91.96903339191564,
    "std": 24.298981038754906,
    "min": 43.79,
    "max": 188.5,
    "q25": 75.17,
    "q75": 104.1
  },
  "mean area": {
    "mean": 654.8891036906855,
    "std": 351.914129181653,
    "min": 143.5,
    "max": 2501.0,
    "q25": 420.3,
    "q75": 782.7
  },
  "mean smoothness": {
    "mean": 0.0963602811950791,
    "std": 0.01406412813767362,
    "min": 0.05263,
    "max": 0.1634,
    "q25": 0.08637,
    "q75": 0.1053
  },
  "mean compactness": {
    "mean": 0.10434098418277679,
    "std": 0.052812757932512194,
    "min": 0.01938,
    "max": 0.3454,
    "q25": 0.06492,
    "q75": 0.1304
  },
  "mean concavity": {
    "mean": 0.0887993158172232,
    "std": 0.07971980870789348,
    "min": 0.0,
    "max": 0.4268,
    "q25": 0.02956,
    "q75": 0.1307
  },
  "mean concave points": {
    "mean": 0.04891914586994728,
    "std": 0.038802844859153605,
    "min": 0.0,
    "max": 0.2012,
    "q25": 0.02031,
    "q75": 0.074
  },
  "mean symmetry": {
    "mean": 0.18116186291739894,
    "std": 0.027414281336035715,
    "min": 0.106,
    "max": 0.304,
    "q25": 0.1619,
    "q75": 0.1957
  },
  "mean fractal dimension": {
    "mean": 0.06279760984182776,
    "std": 0.007060362795084459,
    "min": 0.04996,
    "max": 0.09744,
    "q25": 0.0577,
    "q75": 0.06612
  },
  "radius error": {
    "mean": 0.40517205623901575,
    "std": 0.2773127329861039,
    "min": 0.1115,
    "max": 2.873,
    "q25": 0.2324,
    "q75": 0.4789
  },
  "texture error": {
    "mean": 1.2168534270650264,
    "std": 0.5516483926172023,
    "min": 0.3602,
    "max": 4.885,
    "q25": 0.8339,
    "q75": 1.474
  },
  "perimeter error": {
    "mean": 2.8660592267135327,
    "std": 2.0218545540421076,
    "min": 0.757,
    "max": 21.98,
    "q25": 1.606,
    "q75": 3.357
  },
  "area error": {
    "mean": 40.337079086116,
    "std": 45.49100551613181,
    "min": 6.802,
    "max": 542.2,
    "q25": 17.85,
    "q75": 45.19
  },
  "smoothness error": {
    "mean": 0.007040978910369069,
    "std": 0.0030025179438390656,
    "min": 0.001713,
    "max": 0.03113,
    "q25": 0.005169,
    "q75": 0.008146
  },
  "compactness error": {
    "mean": 0.025478138840070295,
    "std": 0.017908179325677388,
    "min": 0.002252,
    "max": 0.1354,
    "q25": 0.01308,
    "q75": 0.03245
  },
  "concavity error": {
    "mean": 0.03189371634446397,
    "std": 0.03018606032298841,
    "min": 0.0,
    "max": 0.396,
    "q25": 0.01509,
    "q75": 0.04205
  },
  "concave points error": {
    "mean": 0.011796137082601054,
    "std": 0.006170285174046869,
    "min": 0.0,
    "max": 0.05279,
    "q25": 0.007638,
    "q75": 0.01471
  },
  "symmetry error": {
    "mean": 0.02054229876977153,
    "std": 0.008266371528798399,
    "min": 0.007882,
    "max": 0.07895,
    "q25": 0.01516,
    "q75": 0.02348
  },
  "fractal dimension error": {
    "mean": 0.0037949038664323374,
    "std": 0.002646070967089195,
    "min": 0.0008948,
    "max": 0.02984,
    "q25": 0.002248,
    "q75": 0.004558
  },
  "worst radius": {
    "mean": 16.269189806678387,
    "std": 4.833241580469323,
    "min": 7.93,
    "max": 36.04,
    "q25": 13.01,
    "q75": 18.79
  },
  "worst texture": {
    "mean": 25.677223198594024,
    "std": 6.146257623038319,
    "min": 12.02,
    "max": 49.54,
    "q25": 21.08,
    "q75": 29.72
  },
  "worst perimeter": {
    "mean": 107.26121265377857,
    "std": 33.602542269036356,
    "min": 50.41,
    "max": 251.2,
    "q25": 84.11,
    "q75": 125.4
  },
  "worst area": {
    "mean": 880.5831282952548,
    "std": 569.356992669949,
    "min": 185.2,
    "max": 4254.0,
    "q25": 515.3,
    "q75": 1084.0
  },
  "worst smoothness": {
    "mean": 0.13236859402460457,
    "std": 0.022832429404835465,
    "min": 0.07117,
    "max": 0.2226,
    "q25": 0.1166,
    "q75": 0.146
  },
  "worst compactness": {
    "mean": 0.25426504393673116,
    "std": 0.157336488913742,
    "min": 0.02729,
    "max": 1.058,
    "q25": 0.1472,
    "q75": 0.3391
  },
  "worst concavity": {
    "mean": 0.27218848330404216,
    "std": 0.2086242806081323,
    "min": 0.0,
    "max": 1.252,
    "q25": 0.1145,
    "q75": 0.3829
  },
  "worst concave points": {
    "mean": 0.11460622319859401,
    "std": 0.06573234119594207,
    "min": 0.0,
    "max": 0.291,
    "q25": 0.06493,
    "q75": 0.1614
  },
  "worst symmetry": {
    "mean": 0.2900755711775044,
    "std": 0.061867467537518685,
    "min": 0.1565,
    "max": 0.6638,
    "q25": 0.2504,
    "q75": 0.3179
  },
  "worst fractal dimension": {
    "mean": 0.0839458172231986,
    "std": 0.018061267348893986,
    "min": 0.05504,
    "max": 0.2075,
    "q25": 0.07146,
    "q75": 0.09208
  }
}